date,total,drawdown,rebalance,trade_cost,应急现金/灵活资金,固收/债券,A股宽基,A股红利,美股宽基,黄金,主题仓
2022-04-29,98444.10075200057,-0.013540696745535596,False,0.0,6989.005206439452,34926.98959641821,28998.594728232194,12669.219069167642,5012.212743628185,7995.802170731708,1852.2772373831772
2022-05-31,99220.23151448932,-0.005763476928903222,False,0.0,6996.497216189186,35053.58608021279,29583.148258575216,12836.519681125437,4877.556281859069,7863.958654471543,2008.9653420560742
2022-06-30,102209.63029559485,-0.0005530994842165571,False,0.0,7004.41416175351,35023.89752427868,32892.985139841694,12897.356267291905,4469.84643928036,7744.285308943089,2176.845454205607
2022-07-29,99950.23904416719,-0.02264633645964842,False,0.0,7152.056932727495,35886.58627207687,28600.755762979366,12781.607518319963,5586.653748047301,8088.541549696601,1854.0372603195956
2022-08-31,100166.65811798359,-0.02053010365543262,False,0.0,7161.854853020081,36174.367355139606,28017.81982250585,13250.944391697687,5590.937991719119,8107.959227463274,1862.7744764379722
2022-09-30,97198.24682497064,-0.04955642395106241,False,0.0,7170.812502356801,35966.731449817824,26003.370306692297,13063.209642346594,5205.356061255733,8161.897221259596,1626.8696412417944
2022-10-31,94804.95326361766,-0.07295901160352669,False,0.0,7177.644897259033,36220.00162004546,23767.5527122179,12077.602208253375,5655.201646796351,8213.677695304068,1693.2724837414587
2022-11-30,98861.80838307306,-0.033289449515735425,False,0.0,7187.050071040688,35889.15319947783,26320.66455277281,13516.90195327839,5728.033789217213,8509.25790130792,1710.7469159782129
2022-12-30,98181.4678193347,-0.03994209335914789,False,0.0,7196.467568822085,36059.14083625225,26519.895823567567,12797.252080765884,5376.725808128353,8599.873730885742,1632.1119709128202
2023-01-31,101196.4010137768,-0.010460863188049507,False,0.0,6887.628397026451,34345.067783903796,31733.624740904987,13121.93547658562,5005.786370511139,8026.299432940959,2076.0588119038584
2023-02-28,100960.33978221053,-0.012769164915964248,False,0.0,6895.832592952926,34376.64637642256,31013.707500069813,13603.902300962578,5115.890077010992,7919.78181942933,2034.5791153623238
2023-03-31,101939.22054721032,-0.0031972748335507006,False,0.0,6905.279500147916,34519.83895974051,30841.909067597775,13790.470103947211,5143.4160036359535,8444.479693394016,2293.827218746923
2023-04-28,103191.68183587056,-0.006925097486843335,False,0.0,6913.093227534616,34698.149115773296,30637.387124178695,14925.42423877037,5281.045636760768,8478.013016166193,2258.569476686617
2023-05-31,101442.72727907977,-0.027977206377240882,False,0.0,6921.3277558841955,34992.97338903057,28813.051388880467,14350.173512901101,5513.049875456885,8610.173758856547,2241.977598070001
2023-06-30,102230.17936805885,-0.020431851476955476,False,0.0,6929.572092789063,35077.636684490404,29467.52160782153,14163.605709916472,5910.209673902776,8578.612984482732,2103.0206146558576
2023-07-31,105066.97243553335,0.0,False,0.0,7210.305632474135,36047.183262771236,32193.235897240087,14056.423732555411,5201.547921558243,8326.864395419741,2031.4115935144853
2023-08-31,102753.4661967791,-0.022019348089369895,False,0.0,7220.18335024633,36220.92307003736,30119.80193435265,13519.697542561034,5248.86544651069,8487.395915857636,1936.5989372134127
2023-09-28,101803.50497480598,-0.03106083086889888,False,0.0,7228.783668877932,36090.47855236327,29485.077251836075,13809.819807422864,4971.719943217787,8377.856760735312,1839.7689903527419
2023-10-31,100720.61665403096,-0.04136747905407867,False,0.0,7236.101993789581,36141.87425097576,28469.517759809565,13374.636410130126,4836.527014782227,8725.36028733028,1936.5989372134122
2023-11-30,100278.56189855075,-0.0455748407514136,False,0.0,7245.583766394318,36151.65060669011,27775.552106924788,13360.130296887031,5174.509335871133,8666.81349752352,1904.3222882598548
2023-12-29,100265.38257607742,-0.04570027810025712,False,0.0,7254.646139194547,36504.15806130404,27242.383373610875,13258.587504185387,5417.856607055145,8778.241258768645,1809.5096319587815
2024-01-31,98925.39176679142,-0.05845396061555175,False,0.0,7009.177082683667,35256.22632735072,28470.04007605099,13436.484398535797,5208.776483324974,7978.191297557845,1566.4961012874287
2024-02-29,102995.3892427495,-0.019716787728464524,False,0.0,7015.4378847609605,35369.079019087636,31126.991673982007,14111.119598462286,5513.71082942166,7967.903494466217,1891.1467425687367
2024-03-29,104453.60539118624,-0.005837867315758527,False,0.0,7024.212403905078,35450.03273144997,31344.464580574222,14265.723498445434,5775.08312607596,8789.213107947891,1804.8759427876903
2024-04-30,105563.27084633407,-0.003983190058317931,False,0.0,7032.579291819021,35554.307546380296,32025.249331645526,14617.095998407145,5470.148779979274,9063.554523724646,1800.3353743781613
2024-05-31,106458.22914654946,-0.012734244832027009,False,0.0,7040.956145948297,35743.55695342606,31873.963831407462,15249.56649833822,5622.6159530276145,9161.288653095113,1766.2811113066955
2024-06-28,105917.77211793188,-0.01774630186858983,False,0.0,7048.923399390387,35979.71662425795,30975.706173743944,14884.139098378042,6132.91424649553,9082.415496059291,1813.9570796067476
2024-07-31,106185.92135165242,-0.015259556054300627,False,0.0,7445.985763048751,37455.63578942732,31937.41512748478,13118.373976553943,5260.29446844627,8718.283253915592,2249.932972775767
2024-08-30,104856.38949331368,-0.02758928654733528,False,0.0,7455.742555294624,37490.043231110874,30813.74507750351,12849.344822737898,5341.305163545543,8856.210472428607,2049.9981706926123
2024-09-30,115070.5909476495,0.0,False,0.0,7464.179163804278,37506.41451384743,38960.352939867684,14437.89792146122,5152.2802083139,9152.914372718233,2396.5518276367475
2024-10-31,113287.58513855569,-0.033322970109672334,False,0.0,7472.180546178048,37667.35254752864,36422.408516634125,13617.999547926604,5389.911580605108,9788.021099824668,2929.7112998584907
2024-11-29,114453.65958391377,-0.023372917947371175,False,0.0,7481.526333615377,37976.74204331231,36713.01283990514,13899.839613829128,5892.177890220616,9499.336223867196,2991.024639163992
2024-12-31,115593.85373132788,-0.013643701011794684,False,0.0,7491.32969618442,38442.07494414573,36916.435866194865,14399.46518520178,5838.170760154431,9507.355248199347,2999.022031247317
2025-01-27,114615.46656027994,-0.021992227493621286,False,0.0,8005.421550771275,40011.12472998076,34255.71406370992,14798.21644902848,5746.39292634909,9483.861597261975,2314.7352431784593
2025-02-28,115142.19743253573,-0.017497660551259342,False,0.0,8014.003129198752,39653.15246717313,35062.05798241736,14622.8501647647,5317.245185037044,9853.918757297035,2618.9697466476873
2025-03-31,115812.60991733475,-0.011777065935227204,False,0.0,8024.026598158677,39633.84156410702,34969.374773370546,15000.562161640542,4990.1508700126205,10722.482670106585,2472.171279938759
2025-04-30,115715.6323763902,-0.012604570212343513,False,0.0,8034.062603915551,39949.73335157654,33875.71290661788,14960.093019118134,4971.8335883712525,11424.367944718517,2499.828962072325
2025-05-30,117168.7428807922,-0.006108916532942987,False,0.0,8043.153615364593,39890.07130777527,34737.66675075346,15634.57872782499,5243.976058471575,11268.393439249197,2350.9029813531224
2025-06-30,119004.10551186779,-0.0029839969089711094,False,0.0,8052.734214712212,40035.62363685569,35766.45037117331,15998.801010526688,5500.418001450723,11184.289539241234,2465.788737907937
2025-07-31,120860.03255894898,-0.007609634082348049,False,0.0,8362.425561506414,41661.8492182658,37338.58044742627,15289.621416343303,6267.0269675319305,9483.905768903289,2456.62317897198
2025-08-29,126005.37463948742,0.0,False,0.0,8372.884817847364,41612.26512278059,41468.790486997714,15471.023704333815,6247.10453847983,9659.390283810888,3173.915685237218
2025-09-30,128525.95621353229,0.0,False,0.0,8383.856165398382,41711.43331375106,42765.26897475558,14758.371858656801,6500.40399357081,10760.039483929871,3646.5824234698
2025-10-31,130318.9896194529,-0.007997723488960884,False,0.0,8392.34387041784,41910.37071503119,42904.17738415822,15393.279866623596,6984.234413407518,11347.138412481032,3387.444957333515
2025-11-28,129548.0220893809,-0.018738408808049112,False,0.0,8402.340407603991,41861.68814855478,41783.649548310364,15600.596767184183,7009.848965045927,11699.397769611729,3190.5004830699377
2025-12-31,130733.7312254191,-0.009757254061302456,False,0.0,8413.851146732502,41928.46139714156,42876.39570227771,15237.792191203156,6921.621064958057,12001.334361438037,3354.2753616680693
2026-01-30,133873.03046780027,-0.010610509547341218,False,0.0,9248.301786223325,46342.993520000695,39506.918798673905,17082.875831708294,6520.928682992988,12240.96597769485,2930.0458705061938
2026-02-27,133873.80843068432,-0.010604760007656089,False,0.0,9256.011686931919,46432.128999019566,39624.32420372197,17141.378831131962,6381.901093195678,12156.461171236062,2881.602445447158
2026-03-31,129744.5215326165,-0.041122281316735676,False,0.0,9268.140233229027,46557.21689243822,37427.16590925104,17521.648327385745,5785.686621564914,10784.369971628885,2400.2935771186735
2026-04-30,134089.88676837782,-0.00900783166681407,False,0.0,9279.732307058588,46679.488237263344,40454.548139419,17375.390828826603,6467.456533070944,10761.019959317908,3072.250763421427
2026-05-26,135887.84897980717,-0.0035153009497943533,False,0.0,9288.021235504737,46797.78327819173,41695.69099278426,16907.36683343733,6761.553357642174,10511.95316133411,3925.480120912831
