date,total,drawdown,unallocated_cash,invested_total,应急现金/灵活资金,固收/债券,A股宽基,A股红利,美股宽基,黄金,主题仓
2022-04-29,500210.9818966668,0.0,455216.7118109295,9977.599946435002,35016.670139302274,9977.599946435004,0.0,0.0,0.0,0.0,0.0
2022-05-31,500776.6247482989,-4.070461409910742e-05,445694.5669821281,20027.850777726562,35054.20698844428,20027.850777726562,0.0,0.0,0.0,0.0,0.0
2022-06-30,501265.3554833613,0.0,436188.1767283686,29983.305882327666,35093.872872665,29983.305882327666,0.0,0.0,0.0,0.0,0.0
2022-07-29,501766.2480679037,0.0,426721.82512026525,39906.65661252382,35137.76633511462,33511.428460497,3213.90317257877,1436.2854357491271,627.7793619771785,908.9196650444421,208.34051667730043
2022-08-31,502613.05904713174,-5.511168707494907e-05,417293.30686604284,50133.84906000497,35185.90312108392,37123.81733911415,6507.3306682381,3035.6591665848855,1198.037903494612,1832.2904332792705,436.7135492939737
2022-09-30,501979.7896885455,-0.002437621059702577,407803.32260662725,58946.55539207346,35229.91168984479,40209.30663979188,9270.953443382346,4448.445165896582,1658.1541667125502,2775.3311156318064,584.3648606582816
2022-10-31,501366.4131430288,-0.0036565573167011145,398182.9478647073,67919.9863087637,35263.47896955775,43160.23689733683,12363.553661350357,5750.658109459805,2304.045670028039,3524.544803283642,816.9471673050257
2022-11-30,504141.84494779457,0.0,388692.19649534166,80139.96224464336,35309.68620780955,45406.439606066226,18095.880562744704,8419.281595307559,2795.39515369964,4412.7774088343085,1010.1879179909135
2022-12-30,504262.14984215813,-0.0013784670992689207,379189.00899027614,89717.18685850856,35355.953993373434,48336.85469940023,22326.922747203065,9658.494540834017,3048.778264361146,5206.359582957645,1139.7770237524676
2023-01-31,507223.85957299324,-0.0007339163862225551,369541.3703517729,102292.84785424062,35389.64136697978,50942.667337199855,28499.464691406363,11785.708134814366,3570.429166611218,6073.539219507131,1421.0393047016967
2023-02-28,507400.20667520503,-0.0010163601220225527,359825.1177508959,111998.17712149922,35576.911802809904,54414.06201403243,31089.043425206575,13725.73413566237,4241.854549323721,6907.656798748991,1619.826198525108
2023-03-31,508894.3488694539,0.0,350304.95472751,122963.74394829353,35625.650193650334,58074.8647059524,34207.42421378233,15373.508232419867,4859.843219209503,8358.172691474245,2089.930885455193
2023-04-28,510849.6869144996,-0.0011572674658454352,340660.2125254825,134493.0986635362,35696.375725480866,61817.230487579334,37302.683399803864,18185.84628637962,5582.5557261113945,9334.321257610118,2270.461506051849
2023-05-31,508928.7341964325,-0.006838249871904067,330942.5756440582,142135.1645240828,35850.994028291534,65130.69696241348,38951.37990513246,19064.10134292203,6326.437113209899,10215.822031994523,2446.7271684103953
2023-06-30,510472.2717429169,-0.0038260747910936477,321325.4621817259,153253.1116350972,35893.69792609386,68032.82732318463,44055.81483713569,20497.615656515685,7278.516866501555,10916.233575348722,2472.1033764108784
2023-07-31,515350.9818642,0.0,311715.44668488303,167696.94341412437,35938.59176519261,70916.68124875355,50787.470156213225,23607.239544257984,7913.442979380008,11825.791800018427,2646.317685501128
2023-08-31,511903.5287260432,-0.006785238834721263,301999.96782749565,173786.32700119674,36117.23389735077,74775.34642640056,50648.161237986154,24041.868251303997,8556.862512199583,13008.090272054927,2755.998301251497
2023-09-28,510563.5766253184,-0.00938506503440839,292348.3793889506,182054.94230969663,36160.254926671136,77282.98578807934,53569.00329807062,26278.607651403934,8538.817182290933,13576.330194114891,2809.198195736907
2023-10-31,508638.0870502206,-0.013120973386547274,282634.8209565359,189806.40300351562,36196.86309016907,80180.3296252512,55706.95143640914,27059.968809528946,8761.42734874399,14928.40266312354,3169.3231204587964
2023-11-30,508036.5058856091,-0.014288184119042424,272992.66195566003,198799.55054856514,36244.29338138393,82981.83750754622,58381.40098383577,28690.652711575975,9872.429850447523,15559.567883434984,3313.6616117246804
2023-12-29,508289.92309830384,-0.01379649437232744,263322.19448306895,208678.10288947498,36289.625725759885,86148.42302173648,61839.294399650906,30262.2803738756,10734.137417676371,16385.913083048275,3308.054593487343
2024-01-31,506139.16694886354,-0.01796947352839484,253654.72932526222,216147.26005579473,36337.17756780661,89056.6086320015,62270.520175135054,33519.95256724855,11598.551752462598,17018.886365542214,2682.7405634048014
2024-02-29,515984.557540062,0.0,243872.96459379556,235741.95794813446,36369.634998131995,91682.30371114159,73273.00306731489,37033.876797278084,12667.213176201902,17613.39359588079,3472.167600317205
2024-03-29,519774.70379908057,0.0,234166.07582489066,249193.50386136578,36415.12411282416,94405.01880061888,78336.56395142611,39150.93531711622,13651.17687838464,20158.30925079981,3491.499663020139
2024-04-30,522948.068102017,-0.0020940620905560703,224364.08964480535,262055.88105618273,36528.09740102892,98005.31664135012,84380.67450620876,41768.926971601264,13375.978458078383,20787.519059642556,3737.465419301569
2024-05-31,525689.1892999653,-0.006621683929800559,214430.37530556368,274497.556210006,36761.25778439568,101659.69062230288,87837.97058758132,45060.84597642991,14230.849318403567,21803.121398629308,3905.078306658978
2024-06-28,524186.06770066475,-0.009462085508441076,204643.50470527573,282720.91630338697,36821.64669200202,105486.96043153999,89236.83289705632,45331.383784087266,16007.52644443459,22395.899531545263,4262.313214723593
2024-07-31,524776.0365094015,-0.008347240018585556,194910.75150121938,292993.1947077577,36872.09030042452,108762.73301720168,94417.77108961146,45256.211221620324,16165.471211073755,23664.538085453012,4726.470082797397
2024-08-30,520922.8900086313,-0.01562840969149437,185153.64391625058,298848.84072177205,36920.4053706087,111506.87573898981,95483.97128863631,45916.49516847076,16765.146719988606,24685.729914408097,4490.621891278365
2024-09-30,554676.8340505349,0.0,175352.43637871963,342362.21470443206,36962.18296738321,114144.63167763276,126661.59812618807,53375.20060143063,16491.05137964797,26167.547284532677,5522.185634999921
2024-10-31,547756.3314161266,-0.024345796577027845,163191.03613425087,345224.2408578041,39341.054424071604,119408.95356252835,120275.73011510193,51358.786491125975,17963.73250919074,29136.063897751665,7080.974282105368
2024-11-29,552074.3187133347,-0.016654671499647944,153383.23490093785,359300.82378763944,39390.26002475746,124403.2268101688,124890.38639801889,54029.85552538746,20228.25415426448,28276.73381392481,7472.367085875045
2024-12-31,556389.5940591469,-0.00896837690368335,143571.71204244453,373376.00725673017,39441.8747599722,130441.23445596122,128175.52022799714,57169.06394472938,20506.588866093694,29362.242011136157,7721.357750812522
2025-01-27,553033.9526282563,-0.014945387993202885,133715.49286289435,379834.3044659537,39484.15529940824,134313.68251626682,127868.11596496776,57152.36297954013,21228.60824457498,31589.909273765472,7681.625486838594
2025-02-28,555052.0740151064,-0.011350744716314365,123848.70810383641,391676.88474892057,39526.48116234946,137005.90715705877,134837.1666458164,58052.72151905049,20039.867567983987,32822.537142880494,8918.684716130452
2025-03-31,557511.0769395042,-0.006970810789826309,113991.69967688169,403943.45857814606,39575.918684476484,140775.6190525422,137743.99627407832,61026.9055224933,19264.159548920503,36564.17758788171,8568.600592229943
2025-04-30,556646.4918238277,-0.00851079500168539,104122.36265254408,412898.7111309797,39625.41804030392,146212.7742932522,136830.74930078856,62192.294306822674,19835.04981172141,38957.63986866289,8870.203549732
2025-05-30,562996.5993571604,-0.005189837447018508,94229.46348376549,429096.8793563654,39670.256517029506,150122.55850115593,144059.0970793267,66367.02636095532,21611.91383706921,38425.75936182262,8510.524216035627
2025-06-30,570826.7853633679,-0.0025060156909479936,84330.38928856791,446778.88634691783,39717.509727882134,154970.82163763823,151859.10898660382,68794.80770739444,23286.969055530895,38682.37409990428,9184.804859846181
2025-07-31,578741.8201201214,-0.007036879241112515,74107.13543527578,464537.08580583235,40097.59887901323,160027.88921336536,161086.42111185164,69024.77854820334,25066.51716791596,39656.93474619091,9674.545018305156
2025-08-29,601087.9249622886,0.0,63861.900433040035,496752.2612204728,40473.763308775786,165522.2449444132,180874.97287793673,70663.04594401168,25554.033801524998,41290.2724963444,12847.691156241837
2025-09-30,611714.8849414509,0.0,52224.90395984608,517255.01317939616,42234.96780220859,173002.22715686288,186529.84027474586,68581.9987954518,27356.927710820157,47023.020715173676,14760.998526341862
2025-10-31,619854.5124318665,-0.007210451201200785,41234.97068463796,535308.5388082451,43311.00293898334,181304.93170899517,187135.71892440398,73610.50488028194,29956.614180286124,49588.732961894384,13712.03615238351
2025-11-28,616660.1531827983,-0.017448625641731996,31101.057842261176,542024.7882396118,43534.30710092539,189458.2549912973,182248.29781716177,76025.23166525576,30250.0187077949,51128.16030992684,12914.824748175164
2025-12-31,621608.9282676073,-0.009563527608605682,21130.561136197193,556884.4204505738,43593.94668083644,197823.05918708257,187505.39167880363,75433.3002271532,30097.23092363423,52447.6694653832,13577.76896851684
2026-01-30,636779.1734302897,-0.011123692218898973,10846.75602663092,581988.8846250928,43943.53277856602,205853.20461011323,190785.72358506345,77076.5000460562,30460.062259872975,62078.958514611724,15734.435609375207
2026-02-27,636752.9519646337,-0.011164412435929472,848.05762859042,591924.7277751528,43980.16656089052,212537.71893356703,191737.79615113724,79867.63204842558,30656.887715900306,61650.39998548914,15474.292940633539
2026-03-31,616117.0690536097,-0.04321058566569891,0.0,571237.4350631861,44879.633990423696,213115.5882010326,181105.98607884147,81640.67285312935,27793.57546372054,54691.962815261955,12889.649651200169
2026-04-30,637465.7316129059,-0.01005751237346686,0.0,592529.9646748175,44935.76693808836,213675.28509255298,195755.15949906592,80959.19812146721,31068.696417162646,54573.545326951775,16498.080217616884
2026-05-26,646603.9461363379,-0.0033366026931519466,0.0,601628.0412562812,44975.90488005672,214216.7804591459,201760.91480708044,78778.47898014821,32481.493691196494,53310.42545164313,21079.94786706695
